{
    "theta0": 2.220446049250309e-16,
    "theta1": -0.8521449950897367,
    "km_mean": 101066.25,
    "km_std": 52674.24560550151,
    "price_mean": 6331.833333333333,
    "price_std": 1319.6541927360352
}