{
    "theta0": 2.770006446439764e-16,
    "theta1": -0.9646994143199527,
    "km_mean": 101066.25,
    "km_std": 52674.24560550151,
    "price_mean": 5783.333333333333,
    "price_std": 1081.7323733420535
}